Workbook

Sheet README
A1: MarketPulse — Suivi et Analyse de Portefeuille Boursier
A2: Template de démonstration — Data Analyst spécialisé en Finance, BI et Aide à la décision
A5: CONTENU DU CLASSEUR
A6: Positions Composition du portefeuille (à saisir/mettre à jour chaque mois)
A7: Cours_Bruts Historique des cours (données fictives, format long)
A8: Calculs_Rendements Rendements journaliers, cumulés, moyennes mobiles, drawdown
A9: Indicateurs_Risque Volatilité, Sharpe, bêta, drawdown max, matrice de corrélation
A10: Synthese_Portefeuille Vue consolidée par action + comparaison vs indice CAC 40
A11: Recommandations Synthèse et pistes d'action (dont phrases générées automatiquement)
A13: DONNEES
A14: Les cours de ce template sont SIMULES (marche aléatoire) afin de démontrer la structure
A15: et les formules. Sur une vraie mission, l'onglet Cours_Bruts est alimenté via Power Query
... A26: Seul l'onglet Positions doit être mis à jour manuellement chaque mois.

Sheet Positions
A1: Ticker | B1: Nom | C1: Secteur | D1: Zone | E1: Quantite | F1: Prix_Achat_Moyen | G1: Montant_Investi | H1: Poids_Portefeuille
A2: AAPL | B2: Apple Inc. | C2: Technologie | D2: US | E2: 38 | F2: 180 | G2: =E2*F2 -> 6840 | H2: =G2/SUM($G$2:$G$11) -> 0.15142794
A3: MSFT | B3: Microsoft Corp. | C3: Technologie | D3: US | E3: 18 | F3: 370 | G3: =E3*F3 -> 6660 | H3: =G3/SUM($G$2:$G$11) -> 0.14744299
A4: TTE | B4: TotalEnergies | C4: Energie | D4: Europe | E4: 60 | F4: 60 | G4: =E4*F4 -> 3600 | H4: =G4/SUM($G$2:$G$11) -> 0.079698915
A5: XOM | B5: Exxon Mobil | C5: Energie | D5: US | E5: 30 | F5: 105 | G5: =E5*F5 -> 3150 | H5: =G5/SUM($G$2:$G$11) -> 0.069736551
A6: SAN | B6: Sanofi | C6: Sante | D6: Europe | E6: 40 | F6: 90 | G6: =E6*F6 -> 3600 | H6: =G6/SUM($G$2:$G$11) -> 0.079698915
A7: JNJ | B7: Johnson & Johnson | C7: Sante | D7: US | E7: 20 | F7: 155 | G7: =E7*F7 -> 3100 | H7: =G7/SUM($G$2:$G$11) -> 0.068629621
A8: BNP | B8: BNP Paribas | C8: Finance | D8: Europe | E8: 60 | F8: 60 | G8: =E8*F8 -> 3600 | H8: =G8/SUM($G$2:$G$11) -> 0.079698915
A9: JPM | B9: JPMorgan Chase | C9: Finance | D9: US | E9: 16 | F9: 195 | G9: =E9*F9 -> 3120 | H9: =G9/SUM($G$2:$G$11) -> 0.069072393
A10: MC | B10: LVMH | C10: Consommation | D10: Europe | E10: 10 | F10: 700 | G10: =E10*F10 -> 7000 | H10: =G10/SUM($G$2:$G$11) -> 0.15497011
A11: KO | B11: Coca-Cola | C11: Consommation | D11: US | E11: 75 | F11: 60 | G11: =E11*F11 -> 4500 | H11: =G11/SUM($G$2:$G$11) -> 0.099623644
B12: TOTAL | G12: =SUM(G2:G11) -> 45170 | H12: =SUM(H2:H11) -> 1
A14: Legende : cellules bleues sur fond jaune = a saisir/mettre a jour chaque mois. Colonnes G et H = calculees automatiquement.

Sheet Cours_Bruts
A1: Date | B1: Ticker | C1: Cours_Cloture | D1: Volume
A2: 45719 | B2: AAPL | C2: 180 | D2: 6654237
A3: 45720 | B3: AAPL | C3: 179.66 | D3: 46816038
A4: 45721 | B4: AAPL | C4: 181.81 | D4: 18750764
A5: 45722 | B5: AAPL | C5: 186.8 | D5: 37898446
A6: 45723 | B6: AAPL | C6: 186.13 | D6: 24841962
A7: 45726 | B7: AAPL | C7: 185.47 | D7: 44156515
A8: 45727 | B8: AAPL | C8: 190.73 | D8: 23993420
A9: 45728 | B9: AAPL | C9: 193.42 | D9: 22970758
A10: 45729 | B10: AAPL | C10: 191.93 | D10: 37513466
A11: 45730 | B11: AAPL | C11: 193.87 | D11: 32288562
A12: 45733 | B12: AAPL | C12: 192.39 | D12: 22351509
A13: 45734 | B13: AAPL | C13: 190.92 | D13: 24484187
... A881: 45828 | B881: CAC40 | C881: 7523.71 | D881: 33560480

Sheet Calculs_Rendements
A1: Date | B1: Ticker | C1: Cours_Cloture | D1: Rendement_Journalier | E1: Rendement_Cumule | F1: Running_Max | G1: Drawdown_pct | H1: MM20 | I1: MM50
A2: =Cours_Bruts!A2 -> 45719 | B2: =Cours_Bruts!B2 -> AAPL | C2: =Cours_Bruts!C2 -> 180 | D2: =IF(B2=B1,(C2-C1)/C1,"") | E2: =IF(B2=B1,(1+E1)*(1+IF(D2="",0,D2))-1,0) -> 0 | F2: =IF(B2=B1,MAX(F1,C2),C2) -> 180 | G2: =(C2-F2)/F2 -> 0 | H2: =IF(COUNTIFS($B$2:B2,B2)>=20,AVERAGE(OFFSET(C2,-19,0,20,1)),"") | I2: =IF(COUNTIFS($B$2:B2,B2)>=50,AVERAGE(OFFSET(C2,-49,0,50,1)),"")
A3: =Cours_Bruts!A3 -> 45720 | B3: =Cours_Bruts!B3 -> AAPL | C3: =Cours_Bruts!C3 -> 179.66 | D3: =IF(B3=B2,(C3-C2)/C2,"") -> -0.0018888889 | E3: =IF(B3=B2,(1+E2)*(1+IF(D3="",0,D3))-1,0) -> -0.0018888889 | F3: =IF(B3=B2,MAX(F2,C3),C3) -> 180 | G3: =(C3-F3)/F3 -> -0.0018888889 | H3: =IF(COUNTIFS($B$2:B3,B3)>=20,AVERAGE(OFFSET(C3,-19,0,20,1)),"") | I3: =IF(COUNTIFS($B$2:B3,B3)>=50,AVERAGE(OFFSET(C3,-49,0,50,1)),"")
A4: =Cours_Bruts!A4 -> 45721 | B4: =Cours_Bruts!B4 -> AAPL | C4: =Cours_Bruts!C4 -> 181.81 | D4: =IF(B4=B3,(C4-C3)/C3,"") -> 0.011967049 | E4: =IF(B4=B3,(1+E3)*(1+IF(D4="",0,D4))-1,0) -> 0.010055556 | F4: =IF(B4=B3,MAX(F3,C4),C4) -> 181.81 | G4: =(C4-F4)/F4 -> 0 | H4: =IF(COUNTIFS($B$2:B4,B4)>=20,AVERAGE(OFFSET(C4,-19,0,20,1)),"") | I4: =IF(COUNTIFS($B$2:B4,B4)>=50,AVERAGE(OFFSET(C4,-49,0,50,1)),"")
A5: =Cours_Bruts!A5 -> 45722 | B5: =Cours_Bruts!B5 -> AAPL | C5: =Cours_Bruts!C5 -> 186.8 | D5: =IF(B5=B4,(C5-C4)/C4,"") -> 0.027446235 | E5: =IF(B5=B4,(1+E4)*(1+IF(D5="",0,D5))-1,0) -> 0.037777778 | F5: =IF(B5=B4,MAX(F4,C5),C5) -> 186.8 | G5: =(C5-F5)/F5 -> 0 | H5: =IF(COUNTIFS($B$2:B5,B5)>=20,AVERAGE(OFFSET(C5,-19,0,20,1)),"") | I5: =IF(COUNTIFS($B$2:B5,B5)>=50,AVERAGE(OFFSET(C5,-49,0,50,1)),"")
A6: =Cours_Bruts!A6 -> 45723 | B6: =Cours_Bruts!B6 -> AAPL | C6: =Cours_Bruts!C6 -> 186.13 | D6: =IF(B6=B5,(C6-C5)/C5,"") -> -0.0035867238 | E6: =IF(B6=B5,(1+E5)*(1+IF(D6="",0,D6))-1,0) -> 0.034055556 | F6: =IF(B6=B5,MAX(F5,C6),C6) -> 186.8 | G6: =(C6-F6)/F6 -> -0.0035867238 | H6: =IF(COUNTIFS($B$2:B6,B6)>=20,AVERAGE(OFFSET(C6,-19,0,20,1)),"") | I6: =IF(COUNTIFS($B$2:B6,B6)>=50,AVERAGE(OFFSET(C6,-49,0,50,1)),"")
A7: =Cours_Bruts!A7 -> 45726 | B7: =Cours_Bruts!B7 -> AAPL | C7: =Cours_Bruts!C7 -> 185.47 | D7: =IF(B7=B6,(C7-C6)/C6,"") -> -0.0035459088 | E7: =IF(B7=B6,(1+E6)*(1+IF(D7="",0,D7))-1,0) -> 0.030388889 | F7: =IF(B7=B6,MAX(F6,C7),C7) -> 186.8 | G7: =(C7-F7)/F7 -> -0.0071199143 | H7: =IF(COUNTIFS($B$2:B7,B7)>=20,AVERAGE(OFFSET(C7,-19,0,20,1)),"") | I7: =IF(COUNTIFS($B$2:B7,B7)>=50,AVERAGE(OFFSET(C7,-49,0,50,1)),"")
A8: =Cours_Bruts!A8 -> 45727 | B8: =Cours_Bruts!B8 -> AAPL | C8: =Cours_Bruts!C8 -> 190.73 | D8: =IF(B8=B7,(C8-C7)/C7,"") -> 0.028360382 | E8: =IF(B8=B7,(1+E7)*(1+IF(D8="",0,D8))-1,0) -> 0.059611111 | F8: =IF(B8=B7,MAX(F7,C8),C8) -> 190.73 | G8: =(C8-F8)/F8 -> 0 | H8: =IF(COUNTIFS($B$2:B8,B8)>=20,AVERAGE(OFFSET(C8,-19,0,20,1)),"") | I8: =IF(COUNTIFS($B$2:B8,B8)>=50,AVERAGE(OFFSET(C8,-49,0,50,1)),"")
A9: =Cours_Bruts!A9 -> 45728 | B9: =Cours_Bruts!B9 -> AAPL | C9: =Cours_Bruts!C9 -> 193.42 | D9: =IF(B9=B8,(C9-C8)/C8,"") -> 0.014103707 | E9: =IF(B9=B8,(1+E8)*(1+IF(D9="",0,D9))-1,0) -> 0.074555556 | F9: =IF(B9=B8,MAX(F8,C9),C9) -> 193.42 | G9: =(C9-F9)/F9 -> 0 | H9: =IF(COUNTIFS($B$2:B9,B9)>=20,AVERAGE(OFFSET(C9,-19,0,20,1)),"") | I9: =IF(COUNTIFS($B$2:B9,B9)>=50,AVERAGE(OFFSET(C9,-49,0,50,1)),"")
A10: =Cours_Bruts!A10 -> 45729 | B10: =Cours_Bruts!B10 -> AAPL | C10: =Cours_Bruts!C10 -> 191.93 | D10: =IF(B10=B9,(C10-C9)/C9,"") -> -0.0077034433 | E10: =IF(B10=B9,(1+E9)*(1+IF(D10="",0,D10))-1,0) -> 0.066277778 | F10: =IF(B10=B9,MAX(F9,C10),C10) -> 193.42 | G10: =(C10-F10)/F10 -> -0.0077034433 | H10: =IF(COUNTIFS($B$2:B10,B10)>=20,AVERAGE(OFFSET(C10,-19,0,20,1)),"") | I10: =IF(COUNTIFS($B$2:B10,B10)>=50,AVERAGE(OFFSET(C10,-49,0,50,1)),"")
A11: =Cours_Bruts!A11 -> 45730 | B11: =Cours_Bruts!B11 -> AAPL | C11: =Cours_Bruts!C11 -> 193.87 | D11: =IF(B11=B10,(C11-C10)/C10,"") -> 0.010107852 | E11: =IF(B11=B10,(1+E10)*(1+IF(D11="",0,D11))-1,0) -> 0.077055556 | F11: =IF(B11=B10,MAX(F10,C11),C11) -> 193.87 | G11: =(C11-F11)/F11 -> 0 | H11: =IF(COUNTIFS($B$2:B11,B11)>=20,AVERAGE(OFFSET(C11,-19,0,20,1)),"") | I11: =IF(COUNTIFS($B$2:B11,B11)>=50,AVERAGE(OFFSET(C11,-49,0,50,1)),"")
A12: =Cours_Bruts!A12 -> 45733 | B12: =Cours_Bruts!B12 -> AAPL | C12: =Cours_Bruts!C12 -> 192.39 | D12: =IF(B12=B11,(C12-C11)/C11,"") -> -0.0076339815 | E12: =IF(B12=B11,(1+E11)*(1+IF(D12="",0,D12))-1,0) -> 0.068833333 | F12: =IF(B12=B11,MAX(F11,C12),C12) -> 193.87 | G12: =(C12-F12)/F12 -> -0.0076339815 | H12: =IF(COUNTIFS($B$2:B12,B12)>=20,AVERAGE(OFFSET(C12,-19,0,20,1)),"") | I12: =IF(COUNTIFS($B$2:B12,B12)>=50,AVERAGE(OFFSET(C12,-49,0,50,1)),"")
A13: =Cours_Bruts!A13 -> 45734 | B13: =Cours_Bruts!B13 -> AAPL | C13: =Cours_Bruts!C13 -> 190.92 | D13: =IF(B13=B12,(C13-C12)/C12,"") -> -0.0076407298 | E13: =IF(B13=B12,(1+E12)*(1+IF(D13="",0,D13))-1,0) -> 0.060666667 | F13: =IF(B13=B12,MAX(F12,C13),C13) -> 193.87 | G13: =(C13-F13)/F13 -> -0.015216382 | H13: =IF(COUNTIFS($B$2:B13,B13)>=20,AVERAGE(OFFSET(C13,-19,0,20,1)),"") | I13: =IF(COUNTIFS($B$2:B13,B13)>=50,AVERAGE(OFFSET(C13,-49,0,50,1)),"")
... A881: =Cours_Bruts!A881 -> 45828 | B881: =Cours_Bruts!B881 -> CAC40 | C881: =Cours_Bruts!C881 -> 7523.71 | D881: =IF(B881=B880,(C881-C880)/C880,"") -> -0.012828217 | E881: =IF(B881=B880,(1+E880)*(1+IF(D881="",0,D881))-1,0) -> 0.0031613333 | F881: =IF(B881=B880,MAX(F880,C881),C881) -> 7940.43 | G881: =(C881-F881)/F881 -> -0.052480785 | H881: =IF(COUNTIFS($B$2:B881,B881)>=20,AVERAGE(OFFSET(C881,-19,0,20,1)),"") -> 7417.1365 | I881: =IF(COUNTIFS($B$2:B881,B881)>=50,AVERAGE(OFFSET(C881,-49,0,50,1)),"") -> 7401.4252

Sheet Indicateurs_Risque
A1: Hypotheses de calcul
A2: Taux_Sans_Risque | B2: 0.03
A3: Jours_Bourse_An | B3: 252
A5: Ticker | B5: Rendement_Moyen_Annualise | C5: Volatilite_Annualisee | D5: Ratio_Sharpe | E5: Drawdown_Max | F5: Beta_vs_CAC40
A6: AAPL | B6: =AVERAGE(Calculs_Rendements!D3:D81)*$B$3 -> -0.44538155 | C6: =STDEV(Calculs_Rendements!D3:D81)*SQRT($B$3) -> 0.26908849 | D6: =(B6-$B$2)/C6 -> -1.7666365 | E6: =MIN(Calculs_Rendements!G2:G81) -> -0.23892299 | F6: =SLOPE(Calculs_Rendements!D3:D81,Calculs_Rendements!D803:D881) -> -0.069399095
A7: MSFT | B7: =AVERAGE(Calculs_Rendements!D83:D161)*$B$3 -> 0.55940647 | C7: =STDEV(Calculs_Rendements!D83:D161)*SQRT($B$3) -> 0.27444717 | D7: =(B7-$B$2)/C7 -> 1.9289923 | E7: =MIN(Calculs_Rendements!G82:G161) -> -0.12508177 | F7: =SLOPE(Calculs_Rendements!D83:D161,Calculs_Rendements!D803:D881) -> 0.43555186
A8: TTE | B8: =AVERAGE(Calculs_Rendements!D163:D241)*$B$3 -> 0.56155586 | C8: =STDEV(Calculs_Rendements!D163:D241)*SQRT($B$3) -> 0.32094388 | D8: =(B8-$B$2)/C8 -> 1.6562268 | E8: =MIN(Calculs_Rendements!G162:G241) -> -0.1080521 | F8: =SLOPE(Calculs_Rendements!D163:D241,Calculs_Rendements!D803:D881) -> -0.39244199
A9: XOM | B9: =AVERAGE(Calculs_Rendements!D243:D321)*$B$3 -> -0.36626367 | C9: =STDEV(Calculs_Rendements!D243:D321)*SQRT($B$3) -> 0.28340691 | D9: =(B9-$B$2)/C9 -> -1.3982146 | E9: =MIN(Calculs_Rendements!G242:G321) -> -0.29504125 | F9: =SLOPE(Calculs_Rendements!D243:D321,Calculs_Rendements!D803:D881) -> 0.094811063
A10: SAN | B10: =AVERAGE(Calculs_Rendements!D323:D401)*$B$3 -> -0.39709736 | C10: =STDEV(Calculs_Rendements!D323:D401)*SQRT($B$3) -> 0.17986677 | D10: =(B10-$B$2)/C10 -> -2.3745206 | E10: =MIN(Calculs_Rendements!G322:G401) -> -0.1415616 | F10: =SLOPE(Calculs_Rendements!D323:D401,Calculs_Rendements!D803:D881) -> -0.010318106
A11: JNJ | B11: =AVERAGE(Calculs_Rendements!D403:D481)*$B$3 -> 0.34628307 | C11: =STDEV(Calculs_Rendements!D403:D481)*SQRT($B$3) -> 0.16228345 | D11: =(B11-$B$2)/C11 -> 1.9489546 | E11: =MIN(Calculs_Rendements!G402:G481) -> -0.054922345 | F11: =SLOPE(Calculs_Rendements!D403:D481,Calculs_Rendements!D803:D881) -> 0.011596824
A12: BNP | B12: =AVERAGE(Calculs_Rendements!D483:D561)*$B$3 -> 0.42018726 | C12: =STDEV(Calculs_Rendements!D483:D561)*SQRT($B$3) -> 0.23486162 | D12: =(B12-$B$2)/C12 -> 1.6613496 | E12: =MIN(Calculs_Rendements!G482:G561) -> -0.075611888 | F12: =SLOPE(Calculs_Rendements!D483:D561,Calculs_Rendements!D803:D881) -> 0.016544347
A13: JPM | B13: =AVERAGE(Calculs_Rendements!D563:D641)*$B$3 -> 0.60202512 | C13: =STDEV(Calculs_Rendements!D563:D641)*SQRT($B$3) -> 0.23579915 | D13: =(B13-$B$2)/C13 -> 2.4258998 | E13: =MIN(Calculs_Rendements!G562:G641) -> -0.083795073 | F13: =SLOPE(Calculs_Rendements!D563:D641,Calculs_Rendements!D803:D881) -> -0.04141203
A14: MC | B14: =AVERAGE(Calculs_Rendements!D643:D721)*$B$3 -> 0.5617418 | C14: =STDEV(Calculs_Rendements!D643:D721)*SQRT($B$3) -> 0.25692104 | D14: =(B14-$B$2)/C14 -> 2.0696701 | E14: =MIN(Calculs_Rendements!G642:G721) -> -0.0789 | F14: =SLOPE(Calculs_Rendements!D643:D721,Calculs_Rendements!D803:D881) -> 0.12624933
A15: KO | B15: =AVERAGE(Calculs_Rendements!D723:D801)*$B$3 -> 0.30789673 | C15: =STDEV(Calculs_Rendements!D723:D801)*SQRT($B$3) -> 0.13871352 | D15: =(B15-$B$2)/C15 -> 2.003386 | E15: =MIN(Calculs_Rendements!G722:G801) -> -0.061063004 | F15: =SLOPE(Calculs_Rendements!D723:D801,Calculs_Rendements!D803:D881) -> 0.133191
A16: CAC40 (indice) | B16: =AVERAGE(Calculs_Rendements!D803:D881)*$B$3 -> 0.02265958 | C16: =STDEV(Calculs_Rendements!D803:D881)*SQRT($B$3) -> 0.15965634 | D16: =(B16-$B$2)/C16 -> -0.045976378 | E16: =MIN(Calculs_Rendements!G802:G881) -> -0.095389041 | F16: 1
A18: Note : le beta du CAC40 vis-a-vis de lui-meme vaut 1 par definition.
A20: Matrice de correlation des rendements
B21: AAPL | C21: MSFT | D21: TTE | E21: XOM | F21: SAN | G21: JNJ | H21: BNP | I21: JPM | J21: MC | K21: KO
A22: AAPL | B22: =CORREL(Calculs_Rendements!D3:D81,Calculs_Rendements!D3:D81) -> 1 | C22: =CORREL(Calculs_Rendements!D3:D81,Calculs_Rendements!D83:D161) -> -0.067442898 | D22: =CORREL(Calculs_Rendements!D3:D81,Calculs_Rendements!D163:D241) -> -0.13541143 | E22: =CORREL(Calculs_Rendements!D3:D81,Calculs_Rendements!D243:D321) -> 0.1672906 | F22: =CORREL(Calculs_Rendements!D3:D81,Calculs_Rendements!D323:D401) -> 0.057124366 | G22: =CORREL(Calculs_Rendements!D3:D81,Calculs_Rendements!D403:D481) -> 0.062318532 | H22: =CORREL(Calculs_Rendements!D3:D81,Calculs_Rendements!D483:D561) -> -0.30600349 | I22: =CORREL(Calculs_Rendements!D3:D81,Calculs_Rendements!D563:D641) -> 0.13987334 | J22: =CORREL(Calculs_Rendements!D3:D81,Calculs_Rendements!D643:D721) -> 0.10501882 | K22: =CORREL(Calculs_Rendements!D3:D81,Calculs_Rendements!D723:D801) -> -0.034658215
A23: MSFT | B23: =CORREL(Calculs_Rendements!D83:D161,Calculs_Rendements!D3:D81) -> -0.067442898 | C23: =CORREL(Calculs_Rendements!D83:D161,Calculs_Rendements!D83:D161) -> 1 | D23: =CORREL(Calculs_Rendements!D83:D161,Calculs_Rendements!D163:D241) -> 0.018982437 | E23: =CORREL(Calculs_Rendements!D83:D161,Calculs_Rendements!D243:D321) -> 0.15308758 | F23: =CORREL(Calculs_Rendements!D83:D161,Calculs_Rendements!D323:D401) -> -0.048680334 | G23: =CORREL(Calculs_Rendements!D83:D161,Calculs_Rendements!D403:D481) -> 0.1229609 | H23: =CORREL(Calculs_Rendements!D83:D161,Calculs_Rendements!D483:D561) -> 0.27019926 | I23: =CORREL(Calculs_Rendements!D83:D161,Calculs_Rendements!D563:D641) -> -0.014989669 | J23: =CORREL(Calculs_Rendements!D83:D161,Calculs_Rendements!D643:D721) -> 0.19669569 | K23: =CORREL(Calculs_Rendements!D83:D161,Calculs_Rendements!D723:D801) -> 0.025387353
A24: TTE | B24: =CORREL(Calculs_Rendements!D163:D241,Calculs_Rendements!D3:D81) -> -0.13541143 | C24: =CORREL(Calculs_Rendements!D163:D241,Calculs_Rendements!D83:D161) -> 0.018982437 | D24: =CORREL(Calculs_Rendements!D163:D241,Calculs_Rendements!D163:D241) -> 1 | E24: =CORREL(Calculs_Rendements!D163:D241,Calculs_Rendements!D243:D321) -> -0.091818049 | F24: =CORREL(Calculs_Rendements!D163:D241,Calculs_Rendements!D323:D401) -> 0.0037576371 | G24: =CORREL(Calculs_Rendements!D163:D241,Calculs_Rendements!D403:D481) -> 0.0063243709 | H24: =CORREL(Calculs_Rendements!D163:D241,Calculs_Rendements!D483:D561) -> 0.12119714 | I24: =CORREL(Calculs_Rendements!D163:D241,Calculs_Rendements!D563:D641) -> -0.1655911 | J24: =CORREL(Calculs_Rendements!D163:D241,Calculs_Rendements!D643:D721) -> -0.022200204 | K24: =CORREL(Calculs_Rendements!D163:D241,Calculs_Rendements!D723:D801) -> 0.0031551496
A25: XOM | B25: =CORREL(Calculs_Rendements!D243:D321,Calculs_Rendements!D3:D81) -> 0.1672906 | C25: =CORREL(Calculs_Rendements!D243:D321,Calculs_Rendements!D83:D161) -> 0.15308758 | D25: =CORREL(Calculs_Rendements!D243:D321,Calculs_Rendements!D163:D241) -> -0.091818049 | E25: =CORREL(Calculs_Rendements!D243:D321,Calculs_Rendements!D243:D321) -> 1 | F25: =CORREL(Calculs_Rendements!D243:D321,Calculs_Rendements!D323:D401) -> -0.0065565741 | G25: =CORREL(Calculs_Rendements!D243:D321,Calculs_Rendements!D403:D481) -> 0.017889773 | H25: =CORREL(Calculs_Rendements!D243:D321,Calculs_Rendements!D483:D561) -> 0.091063582 | I25: =CORREL(Calculs_Rendements!D243:D321,Calculs_Rendements!D563:D641) -> 0.2497385 | J25: =CORREL(Calculs_Rendements!D243:D321,Calculs_Rendements!D643:D721) -> 0.25269022 | K25: =CORREL(Calculs_Rendements!D243:D321,Calculs_Rendements!D723:D801) -> 0.11697471
A26: SAN | B26: =CORREL(Calculs_Rendements!D323:D401,Calculs_Rendements!D3:D81) -> 0.057124366 | C26: =CORREL(Calculs_Rendements!D323:D401,Calculs_Rendements!D83:D161) -> -0.048680334 | D26: =CORREL(Calculs_Rendements!D323:D401,Calculs_Rendements!D163:D241) -> 0.0037576371 | E26: =CORREL(Calculs_Rendements!D323:D401,Calculs_Rendements!D243:D321) -> -0.0065565741 | F26: =CORREL(Calculs_Rendements!D323:D401,Calculs_Rendements!D323:D401) -> 1 | G26: =CORREL(Calculs_Rendements!D323:D401,Calculs_Rendements!D403:D481) -> 0.079922665 | H26: =CORREL(Calculs_Rendements!D323:D401,Calculs_Rendements!D483:D561) -> -0.10840278 | I26: =CORREL(Calculs_Rendements!D323:D401,Calculs_Rendements!D563:D641) -> -0.2227439 | J26: =CORREL(Calculs_Rendements!D323:D401,Calculs_Rendements!D643:D721) -> 0.16785823 | K26: =CORREL(Calculs_Rendements!D323:D401,Calculs_Rendements!D723:D801) -> -0.11977187
A27: JNJ | B27: =CORREL(Calculs_Rendements!D403:D481,Calculs_Rendements!D3:D81) -> 0.062318532 | C27: =CORREL(Calculs_Rendements!D403:D481,Calculs_Rendements!D83:D161) -> 0.1229609 | D27: =CORREL(Calculs_Rendements!D403:D481,Calculs_Rendements!D163:D241) -> 0.0063243709 | E27: =CORREL(Calculs_Rendements!D403:D481,Calculs_Rendements!D243:D321) -> 0.017889773 | F27: =CORREL(Calculs_Rendements!D403:D481,Calculs_Rendements!D323:D401) -> 0.079922665 | G27: =CORREL(Calculs_Rendements!D403:D481,Calculs_Rendements!D403:D481) -> 1 | H27: =CORREL(Calculs_Rendements!D403:D481,Calculs_Rendements!D483:D561) -> 0.13667184 | I27: =CORREL(Calculs_Rendements!D403:D481,Calculs_Rendements!D563:D641) -> 0.058625529 | J27: =CORREL(Calculs_Rendements!D403:D481,Calculs_Rendements!D643:D721) -> 0.24706273 | K27: =CORREL(Calculs_Rendements!D403:D481,Calculs_Rendements!D723:D801) -> -0.025473214
A28: BNP | B28: =CORREL(Calculs_Rendements!D483:D561,Calculs_Rendements!D3:D81) -> -0.30600349 | C28: =CORREL(Calculs_Rendements!D483:D561,Calculs_Rendements!D83:D161) -> 0.27019926 | D28: =CORREL(Calculs_Rendements!D483:D561,Calculs_Rendements!D163:D241) -> 0.12119714 | E28: =CORREL(Calculs_Rendements!D483:D561,Calculs_Rendements!D243:D321) -> 0.091063582 | F28: =CORREL(Calculs_Rendements!D483:D561,Calculs_Rendements!D323:D401) -> -0.10840278 | G28: =CORREL(Calculs_Rendements!D483:D561,Calculs_Rendements!D403:D481) -> 0.13667184 | H28: =CORREL(Calculs_Rendements!D483:D561,Calculs_Rendements!D483:D561) -> 1 | I28: =CORREL(Calculs_Rendements!D483:D561,Calculs_Rendements!D563:D641) -> 0.091912949 | J28: =CORREL(Calculs_Rendements!D483:D561,Calculs_Rendements!D643:D721) -> 0.24558091 | K28: =CORREL(Calculs_Rendements!D483:D561,Calculs_Rendements!D723:D801) -> -0.14194585
A29: JPM | B29: =CORREL(Calculs_Rendements!D563:D641,Calculs_Rendements!D3:D81) -> 0.13987334 | C29: =CORREL(Calculs_Rendements!D563:D641,Calculs_Rendements!D83:D161) -> -0.014989669 | D29: =CORREL(Calculs_Rendements!D563:D641,Calculs_Rendements!D163:D241) -> -0.1655911 | E29: =CORREL(Calculs_Rendements!D563:D641,Calculs_Rendements!D243:D321) -> 0.2497385 | F29: =CORREL(Calculs_Rendements!D563:D641,Calculs_Rendements!D323:D401) -> -0.2227439 | G29: =CORREL(Calculs_Rendements!D563:D641,Calculs_Rendements!D403:D481) -> 0.058625529 | H29: =CORREL(Calculs_Rendements!D563:D641,Calculs_Rendements!D483:D561) -> 0.091912949 | I29: =CORREL(Calculs_Rendements!D563:D641,Calculs_Rendements!D563:D641) -> 1 | J29: =CORREL(Calculs_Rendements!D563:D641,Calculs_Rendements!D643:D721) -> 0.030056054 | K29: =CORREL(Calculs_Rendements!D563:D641,Calculs_Rendements!D723:D801) -> 0.030401771
A30: MC | B30: =CORREL(Calculs_Rendements!D643:D721,Calculs_Rendements!D3:D81) -> 0.10501882 | C30: =CORREL(Calculs_Rendements!D643:D721,Calculs_Rendements!D83:D161) -> 0.19669569 | D30: =CORREL(Calculs_Rendements!D643:D721,Calculs_Rendements!D163:D241) -> -0.022200204 | E30: =CORREL(Calculs_Rendements!D643:D721,Calculs_Rendements!D243:D321) -> 0.25269022 | F30: =CORREL(Calculs_Rendements!D643:D721,Calculs_Rendements!D323:D401) -> 0.16785823 | G30: =CORREL(Calculs_Rendements!D643:D721,Calculs_Rendements!D403:D481) -> 0.24706273 | H30: =CORREL(Calculs_Rendements!D643:D721,Calculs_Rendements!D483:D561) -> 0.24558091 | I30: =CORREL(Calculs_Rendements!D643:D721,Calculs_Rendements!D563:D641) -> 0.030056054 | J30: =CORREL(Calculs_Rendements!D643:D721,Calculs_Rendements!D643:D721) -> 1 | K30: =CORREL(Calculs_Rendements!D643:D721,Calculs_Rendements!D723:D801) -> -0.16600379
A31: KO | B31: =CORREL(Calculs_Rendements!D723:D801,Calculs_Rendements!D3:D81) -> -0.034658215 | C31: =CORREL(Calculs_Rendements!D723:D801,Calculs_Rendements!D83:D161) -> 0.025387353 | D31: =CORREL(Calculs_Rendements!D723:D801,Calculs_Rendements!D163:D241) -> 0.0031551496 | E31: =CORREL(Calculs_Rendements!D723:D801,Calculs_Rendements!D243:D321) -> 0.11697471 | F31: =CORREL(Calculs_Rendements!D723:D801,Calculs_Rendements!D323:D401) -> -0.11977187 | G31: =CORREL(Calculs_Rendements!D723:D801,Calculs_Rendements!D403:D481) -> -0.025473214 | H31: =CORREL(Calculs_Rendements!D723:D801,Calculs_Rendements!D483:D561) -> -0.14194585 | I31: =CORREL(Calculs_Rendements!D723:D801,Calculs_Rendements!D563:D641) -> 0.030401771 | J31: =CORREL(Calculs_Rendements!D723:D801,Calculs_Rendements!D643:D721) -> -0.16600379 | K31: =CORREL(Calculs_Rendements!D723:D801,Calculs_Rendements!D723:D801) -> 1

Sheet Synthese_Portefeuille
A1: Ticker | B1: Nom | C1: Secteur | D1: Poids_% | E1: Rendement_Annualise | F1: Volatilite | G1: Sharpe | H1: Beta | I1: Contribution_Performance
A2: =Positions!A2 -> AAPL | B2: =Positions!B2 -> Apple Inc. | C2: =Positions!C2 -> Technologie | D2: =Positions!H2 -> 0.15142794 | E2: =INDEX(Indicateurs_Risque!$B$6:$B$15,MATCH(A2,Indicateurs_Risque!$A$6:$A$15,0)) -> -0.44538155 | F2: =INDEX(Indicateurs_Risque!$C$6:$C$15,MATCH(A2,Indicateurs_Risque!$A$6:$A$15,0)) -> 0.26908849 | G2: =INDEX(Indicateurs_Risque!$D$6:$D$15,MATCH(A2,Indicateurs_Risque!$A$6:$A$15,0)) -> -1.7666365 | H2: =INDEX(Indicateurs_Risque!$F$6:$F$15,MATCH(A2,Indicateurs_Risque!$A$6:$A$15,0)) -> -0.069399095 | I2: =D2*E2 -> -0.06744321
A3: =Positions!A3 -> MSFT | B3: =Positions!B3 -> Microsoft Corp. | C3: =Positions!C3 -> Technologie | D3: =Positions!H3 -> 0.14744299 | E3: =INDEX(Indicateurs_Risque!$B$6:$B$15,MATCH(A3,Indicateurs_Risque!$A$6:$A$15,0)) -> 0.55940647 | F3: =INDEX(Indicateurs_Risque!$C$6:$C$15,MATCH(A3,Indicateurs_Risque!$A$6:$A$15,0)) -> 0.27444717 | G3: =INDEX(Indicateurs_Risque!$D$6:$D$15,MATCH(A3,Indicateurs_Risque!$A$6:$A$15,0)) -> 1.9289923 | H3: =INDEX(Indicateurs_Risque!$F$6:$F$15,MATCH(A3,Indicateurs_Risque!$A$6:$A$15,0)) -> 0.43555186 | I3: =D3*E3 -> 0.082480565
A4: =Positions!A4 -> TTE | B4: =Positions!B4 -> TotalEnergies | C4: =Positions!C4 -> Energie | D4: =Positions!H4 -> 0.079698915 | E4: =INDEX(Indicateurs_Risque!$B$6:$B$15,MATCH(A4,Indicateurs_Risque!$A$6:$A$15,0)) -> 0.56155586 | F4: =INDEX(Indicateurs_Risque!$C$6:$C$15,MATCH(A4,Indicateurs_Risque!$A$6:$A$15,0)) -> 0.32094388 | G4: =INDEX(Indicateurs_Risque!$D$6:$D$15,MATCH(A4,Indicateurs_Risque!$A$6:$A$15,0)) -> 1.6562268 | H4: =INDEX(Indicateurs_Risque!$F$6:$F$15,MATCH(A4,Indicateurs_Risque!$A$6:$A$15,0)) -> -0.39244199 | I4: =D4*E4 -> 0.044755393
A5: =Positions!A5 -> XOM | B5: =Positions!B5 -> Exxon Mobil | C5: =Positions!C5 -> Energie | D5: =Positions!H5 -> 0.069736551 | E5: =INDEX(Indicateurs_Risque!$B$6:$B$15,MATCH(A5,Indicateurs_Risque!$A$6:$A$15,0)) -> -0.36626367 | F5: =INDEX(Indicateurs_Risque!$C$6:$C$15,MATCH(A5,Indicateurs_Risque!$A$6:$A$15,0)) -> 0.28340691 | G5: =INDEX(Indicateurs_Risque!$D$6:$D$15,MATCH(A5,Indicateurs_Risque!$A$6:$A$15,0)) -> -1.3982146 | H5: =INDEX(Indicateurs_Risque!$F$6:$F$15,MATCH(A5,Indicateurs_Risque!$A$6:$A$15,0)) -> 0.094811063 | I5: =D5*E5 -> -0.025541965
A6: =Positions!A6 -> SAN | B6: =Positions!B6 -> Sanofi | C6: =Positions!C6 -> Sante | D6: =Positions!H6 -> 0.079698915 | E6: =INDEX(Indicateurs_Risque!$B$6:$B$15,MATCH(A6,Indicateurs_Risque!$A$6:$A$15,0)) -> -0.39709736 | F6: =INDEX(Indicateurs_Risque!$C$6:$C$15,MATCH(A6,Indicateurs_Risque!$A$6:$A$15,0)) -> 0.17986677 | G6: =INDEX(Indicateurs_Risque!$D$6:$D$15,MATCH(A6,Indicateurs_Risque!$A$6:$A$15,0)) -> -2.3745206 | H6: =INDEX(Indicateurs_Risque!$F$6:$F$15,MATCH(A6,Indicateurs_Risque!$A$6:$A$15,0)) -> -0.010318106 | I6: =D6*E6 -> -0.031648229
A7: =Positions!A7 -> JNJ | B7: =Positions!B7 -> Johnson & Johnson | C7: =Positions!C7 -> Sante | D7: =Positions!H7 -> 0.068629621 | E7: =INDEX(Indicateurs_Risque!$B$6:$B$15,MATCH(A7,Indicateurs_Risque!$A$6:$A$15,0)) -> 0.34628307 | F7: =INDEX(Indicateurs_Risque!$C$6:$C$15,MATCH(A7,Indicateurs_Risque!$A$6:$A$15,0)) -> 0.16228345 | G7: =INDEX(Indicateurs_Risque!$D$6:$D$15,MATCH(A7,Indicateurs_Risque!$A$6:$A$15,0)) -> 1.9489546 | H7: =INDEX(Indicateurs_Risque!$F$6:$F$15,MATCH(A7,Indicateurs_Risque!$A$6:$A$15,0)) -> 0.011596824 | I7: =D7*E7 -> 0.023765276
A8: =Positions!A8 -> BNP | B8: =Positions!B8 -> BNP Paribas | C8: =Positions!C8 -> Finance | D8: =Positions!H8 -> 0.079698915 | E8: =INDEX(Indicateurs_Risque!$B$6:$B$15,MATCH(A8,Indicateurs_Risque!$A$6:$A$15,0)) -> 0.42018726 | F8: =INDEX(Indicateurs_Risque!$C$6:$C$15,MATCH(A8,Indicateurs_Risque!$A$6:$A$15,0)) -> 0.23486162 | G8: =INDEX(Indicateurs_Risque!$D$6:$D$15,MATCH(A8,Indicateurs_Risque!$A$6:$A$15,0)) -> 1.6613496 | H8: =INDEX(Indicateurs_Risque!$F$6:$F$15,MATCH(A8,Indicateurs_Risque!$A$6:$A$15,0)) -> 0.016544347 | I8: =D8*E8 -> 0.033488469
A9: =Positions!A9 -> JPM | B9: =Positions!B9 -> JPMorgan Chase | C9: =Positions!C9 -> Finance | D9: =Positions!H9 -> 0.069072393 | E9: =INDEX(Indicateurs_Risque!$B$6:$B$15,MATCH(A9,Indicateurs_Risque!$A$6:$A$15,0)) -> 0.60202512 | F9: =INDEX(Indicateurs_Risque!$C$6:$C$15,MATCH(A9,Indicateurs_Risque!$A$6:$A$15,0)) -> 0.23579915 | G9: =INDEX(Indicateurs_Risque!$D$6:$D$15,MATCH(A9,Indicateurs_Risque!$A$6:$A$15,0)) -> 2.4258998 | H9: =INDEX(Indicateurs_Risque!$F$6:$F$15,MATCH(A9,Indicateurs_Risque!$A$6:$A$15,0)) -> -0.04141203 | I9: =D9*E9 -> 0.041583316
A10: =Positions!A10 -> MC | B10: =Positions!B10 -> LVMH | C10: =Positions!C10 -> Consommation | D10: =Positions!H10 -> 0.15497011 | E10: =INDEX(Indicateurs_Risque!$B$6:$B$15,MATCH(A10,Indicateurs_Risque!$A$6:$A$15,0)) -> 0.5617418 | F10: =INDEX(Indicateurs_Risque!$C$6:$C$15,MATCH(A10,Indicateurs_Risque!$A$6:$A$15,0)) -> 0.25692104 | G10: =INDEX(Indicateurs_Risque!$D$6:$D$15,MATCH(A10,Indicateurs_Risque!$A$6:$A$15,0)) -> 2.0696701 | H10: =INDEX(Indicateurs_Risque!$F$6:$F$15,MATCH(A10,Indicateurs_Risque!$A$6:$A$15,0)) -> 0.12624933 | I10: =D10*E10 -> 0.08705319
A11: =Positions!A11 -> KO | B11: =Positions!B11 -> Coca-Cola | C11: =Positions!C11 -> Consommation | D11: =Positions!H11 -> 0.099623644 | E11: =INDEX(Indicateurs_Risque!$B$6:$B$15,MATCH(A11,Indicateurs_Risque!$A$6:$A$15,0)) -> 0.30789673 | F11: =INDEX(Indicateurs_Risque!$C$6:$C$15,MATCH(A11,Indicateurs_Risque!$A$6:$A$15,0)) -> 0.13871352 | G11: =INDEX(Indicateurs_Risque!$D$6:$D$15,MATCH(A11,Indicateurs_Risque!$A$6:$A$15,0)) -> 2.003386 | H11: =INDEX(Indicateurs_Risque!$F$6:$F$15,MATCH(A11,Indicateurs_Risque!$A$6:$A$15,0)) -> 0.133191 | I11: =D11*E11 -> 0.030673794
B12: PORTEFEUILLE (pondere) | D12: =SUM(D2:D11) -> 1 | E12: =SUMPRODUCT(D2:D11,E2:E11) -> 0.2191666 | F12: =SUMPRODUCT(D2:D11,F2:F11) -> 0.24066782 | G12: =(E12-Indicateurs_Risque!$B$2)/F12 -> 0.78600702 | H12: =SUMPRODUCT(D2:D11,H2:H11) -> 0.060310233 | I12: =SUM(I2:I11) -> 0.2191666
A13: Note : la volatilite du portefeuille est ici une moyenne ponderee (approximation). Un calcul rigoureux integrerait la matrice de covariance (cf. onglet Indicateurs_Risque).
A15: Portefeuille vs indice de reference
A16: Indicateur | B16: Portefeuille | C16: CAC 40
A17: Rendement annualise | B17: =E12 -> 0.2191666 | C17: =Indicateurs_Risque!B16 -> 0.02265958
A18: Volatilite annualisee | B18: =F12 -> 0.24066782 | C18: =Indicateurs_Risque!C16 -> 0.15965634
A19: Ratio de Sharpe | B19: =G12 -> 0.78600702 | C19: =Indicateurs_Risque!D16 -> -0.045976378
A22: Repartition du portefeuille par secteur
A23: Secteur | B23: Poids_%
A24: Technologie | B24: =SUMIF($C$2:$C$11,A24,$D$2:$D$11) -> 0.29887093
A25: Energie | B25: =SUMIF($C$2:$C$11,A25,$D$2:$D$11) -> 0.14943547
A26: Sante | B26: =SUMIF($C$2:$C$11,A26,$D$2:$D$11) -> 0.14832854
A27: Finance | B27: =SUMIF($C$2:$C$11,A27,$D$2:$D$11) -> 0.14877131
A28: Consommation | B28: =SUMIF($C$2:$C$11,A28,$D$2:$D$11) -> 0.25459376

Sheet Recommandations
A1: Note de synthese et recommandations
A2: Genere a partir des indicateurs calcules dans ce classeur — a personnaliser selon le contexte du client
A4: 1. Diversification sectorielle
A5: ="Le secteur "&INDEX(Synthese_Portefeuille!A24:A28,MATCH(MAX(Synthese_Portefeuille!B24:B28),Synthese_Portefeuille!B24:B28,0))&" represente "&TEXT(MAX(Synthese_Portefeuille!B24:B28),"0.0%")&" du portefeuille, ce qui constitue la plus forte concentration sectorielle. Une correction sur ce secteur aurait un impact disproportionne sur la valeur totale." -> Le secteur Technologie represente 29.9% du portefeuille, ce qui constitue la plus forte concentration sectorielle. Une correction sur ce secteur aurait un impact disproportionne sur la valeur totale.
A7: 2. Rapport risque / rendement
A8: ="La position la moins efficiente en risque/rendement est "&INDEX(Synthese_Portefeuille!B2:B11,MATCH(MIN(Synthese_Portefeuille!G2:G11),Synthese_Portefeuille!G2:G11,0))&", avec un ratio de Sharpe de "&TEXT(MIN(Synthese_Portefeuille!G2:G11),"0.00")&". Elle prend un niveau de risque qui n'est pas pleinement remunere par le rendement obtenu — une reduction ou un arbitrage vers une position plus efficiente peut etre envisage." -> La position la moins efficiente en risque/rendement est Sanofi, avec un ratio de Sharpe de -2.37. Elle prend un niveau de risque qui n'est pas pleinement remunere par le rendement obtenu — une reduction ou un arbitrage vers une position plus efficiente peut etre envisage.
A10: 3. Performance vs indice de reference
A11: =IF(Synthese_Portefeuille!B17>Synthese_Portefeuille!C17,"Le portefeuille surperforme le CAC 40 de "&TEXT(Synthese_Portefeuille!B17-Synthese_Portefeuille!C17,"0.0%")&" en rendement annualise sur la periode observee.","Le portefeuille sous-performe le CAC 40 de "&TEXT(Synthese_Portefeuille!C17-Synthese_Portefeuille!B17,"0.0%")&" en rendement annualise sur la periode observee. Une partie de l'ecart peut provenir de la concentration sectorielle identifiee au point 1.") -> Le portefeuille surperforme le CAC 40 de 19.7% en rendement annualise sur la periode observee.
A13: 4. Diversification effective (correlations)
A14: Se referer a la matrice de correlation (onglet Indicateurs_Risque) : deux positions fortement correlees (coefficient > 0.7) n'apportent qu'une diversification limitee, meme si elles appartiennent a des tickers differents. A verifier notamment entre les valeurs du meme secteur.
A16: Limites de l'analyse
A17: - Cette analyse s'appuie sur des donnees historiques ; elle ne predit pas les performances futures. - Elle ne constitue pas un conseil en investissement reglemente. - Le calcul de volatilite du portefeuille est une approximation ponderee (hors matrice de covariance complete). - Les recommandations sont des pistes de reflexion ; la decision finale appartient au client.
